dataset_index,stroke_width_pixels
382954,3
322601,3
321010,4
99704,4
380649,2
223741,3
151036,5
304059,5
195058,5
484265,5
649421,5
312184,3
475096,5
500761,3
388924,3
605814,4
444836,6
246423,4
146268,5
515588,5
219603,3
106287,5
544009,4
79530,5
541572,5
363688,6
353439,5
566704,4
219886,4
273453,3
349522,4
457914,4
169921,12
593479,5
121481,3
79196,5
622316,3
273228,8
255919,5
279291,5
174806,4
245125,3
156509,4
50397,6
190944,3
418585,4
587936,4
413819,8
217758,4
329306,2
85434,6
239592,3
115374,2
116135,3
572201,3
668310,3
153440,6
428726,3
526477,4
132950,3
33404,6
170516,4
291516,4
183624,3
465878,4
50542,4
346033,4
386460,3
374033,5
330397,5
117367,4
89328,5
546777,3
215749,5
410093,3
538441,6
265698,4
50587,6
183194,6
189725,4
175852,5
477421,3
141548,3
119560,4
661189,8
157131,3
210171,5
513365,4
139810,6
344861,3
208400,4
190840,3
462159,2
424428,4
340335,7
236798,5
548242,3
661978,3
376980,4
405928,6
206182,4
165651,3
237377,5
546531,2
327147,3
10209,3
333013,4
484757,4
445540,9
34235,4
108074,4
617768,5
371002,8
594914,2
398100,3
643573,4
629053,4
286748,4
541106,3
14911,5
573363,7
452782,4
374009,5
622016,5
350202,6
486278,5
571005,3
473269,7
676633,4
516614,5
404518,2
551135,4
486127,3
488775,4
636774,3
469382,5
29829,4
282468,3
500507,4
355734,4
106701,5
404054,4
21669,3
431378,4
536263,5
333442,3
442547,4
24922,3
46136,1
217690,8
620142,4
355150,3
273390,4
333017,2
161826,3
329741,5
569561,4
46925,4
310448,5
547584,4
87899,3
114874,5
659106,3
35961,8
666379,6
116640,3
414077,7
167796,7
133271,5
97252,2
389130,5
270104,3
36473,5
570212,4
395821,4
510320,4
210698,9
609919,5
610573,6
468571,4
188443,5
486605,6
332363,4
91841,6
289465,7
72111,5
20280,5
23492,6
402097,4
440730,4
183763,4
432244,6
35862,4
353033,4
231383,3
578998,4
926,4
524250,4
45555,3
490965,4
